SELECT USER
FROM DUAL;
--==>> TEAM2
/*
SELECT 'DROP TABLE "' || TABLE_NAME || '" CASCADE CONSTRAINTS;' FROM user_tables;

DROP TABLE "TBL_ADMIN" CASCADE CONSTRAINTS;
DROP TABLE "TBL_COURSE" CASCADE CONSTRAINTS;
DROP TABLE "TBL_CLASS" CASCADE CONSTRAINTS;
DROP TABLE "TBL_SUBJECT" CASCADE CONSTRAINTS;
DROP TABLE "TBL_BOOK" CASCADE CONSTRAINTS;
DROP TABLE "TBL_PROFESSOR" CASCADE CONSTRAINTS;
DROP TABLE "TBL_STUDENT" CASCADE CONSTRAINTS;
DROP TABLE "TBL_OPEN_CRS" CASCADE CONSTRAINTS;
DROP TABLE "TBL_OPEN_SUB" CASCADE CONSTRAINTS;
DROP TABLE "TBL_CRSE_REGISTER" CASCADE CONSTRAINTS;
DROP TABLE "TBL_SCORE" CASCADE CONSTRAINTS;
DROP TABLE "TBL_DROP" CASCADE CONSTRAINTS;
*/
--○ 정적 테이블 생성
-- 1. 관리자
CREATE TABLE TBL_ADMIN
( ADM_ID    VARCHAR2(20)
, ADM_PW    VARCHAR2(20)    CONSTRAINT ADM_PW_NN NOT NULL
, ADM_SSN   VARCHAR2(10)    CONSTRAINT ADM_SSN_NN NOT NULL
, CONSTRAINT ADMIN_ID_PK PRIMARY KEY(ADM_ID)
);
--==>> Table TBL_ADMIN이(가) 생성되었습니다.

-- 과정 시퀀스
CREATE SEQUENCE SEQ_COURSE
START WITH 1 
INCREMENT BY 1
NOMAXVALUE
NOCACHE;

-- 2. 과정
CREATE TABLE TBL_COURSE
( CRS_CD    VARCHAR2(10)
, CRS_NAME  VARCHAR2(50)    CONSTRAINT CRS_NAME_NN NOT NULL
, CONSTRAINT CRS_CD_PK PRIMARY KEY(CRS_CD)
, CONSTRAINT CRS_NAME_UK UNIQUE(CRS_NAME)
);
--==>> Table TBL_COURSE이(가) 생성되었습니다.

-- 강의실 시퀀스 생성
CREATE SEQUENCE SEQ_CLASS
START WITH 1 
INCREMENT BY 1
NOMAXVALUE
NOCACHE;

-- 3. 강의실
CREATE TABLE TBL_CLASS
( CLS_CD    VARCHAR2(10)
, CLS_INFO  VARCHAR2(100)
, CONSTRAINT CLS_CD_PK PRIMARY KEY(CLS_CD)
);
--==>> Table TBL_CLASS이(가) 생성되었습니다.

-- 과목 테이블 시퀀스 생성
CREATE SEQUENCE SEQ_SUBJECT
START WITH 1
INCREMENT BY 1
NOMAXVALUE
NOCACHE;

-- 4. 과목
CREATE TABLE TBL_SUBJECT
( SUB_CD    VARCHAR2(10)
, SUB_NAME  VARCHAR2(50)    CONSTRAINT SUB_NAME_NN NOT NULL
, CONSTRAINT SUB_CD_PK PRIMARY KEY(SUB_CD)
, CONSTRAINT SUB_NAME_UK UNIQUE(SUB_NAME)
);
--==>> Table TBL_SUBJECT이(가) 생성되었습니다.

-- 교재 시퀀스
CREATE SEQUENCE SEQ_BOOK
START WITH 1 
INCREMENT BY 1
NOMAXVALUE
NOCACHE;

-- 5. 교재
CREATE TABLE TBL_BOOK
( BK_CD     VARCHAR2(10)
, BK_TITLE  VARCHAR2(50)    CONSTRAINT BK_TITLE_NN NOT NULL
, BK_INFO   VARCHAR2(200)
, CONSTRAINT BK_CD_PK PRIMARY KEY(BK_CD)
, CONSTRAINT BK_TITLE_UK UNIQUE(BK_TITLE)
);
--==>> Table TBL_BOOK이(가) 생성되었습니다.

CREATE SEQUENCE SEQ_PROFESSOR
START WITH 1 
INCREMENT BY 1
NOMAXVALUE
NOCACHE;

-- 6. 교수자
CREATE TABLE TBL_PROFESSOR
( PRO_ID    VARCHAR2(20)
, PRO_NAME  VARCHAR2(20)    CONSTRAINT PRO_NAME_NN NOT NULL
, PRO_PW    VARCHAR2(20)    CONSTRAINT PRO_PW_NN NOT NULL
, PRO_SSN   VARCHAR2(10)    CONSTRAINT PRO_SSN_NN NOT NULL
, CONSTRAINT PRO_ID_PK PRIMARY KEY(PRO_ID)
);
--==>> Table TBL_PROFESSOR이(가) 생성되었습니다.

CREATE SEQUENCE SEQ_STUDENT
START WITH 1 
INCREMENT BY 1
NOMAXVALUE
NOCACHE;

-- 7. 학생
CREATE TABLE TBL_STUDENT
( STU_ID    VARCHAR2(20)
, STU_NAME  VARCHAR2(10)    CONSTRAINT STU_NAME_NN NOT NULL
, STU_PW    VARCHAR2(20)    CONSTRAINT STU_PW_NN NOT NULL
, STU_SSN   VARCHAR2(10)    CONSTRAINT STU_SSN_NN NOT NULL
, CONSTRAINT STU_ID_PK PRIMARY KEY(STU_ID)
);
--==>> Table TBL_STUDENT이(가) 생성되었습니다.


--○ 동적 테이블 생성

-- 개설 과정 시퀀스
CREATE SEQUENCE SEQ_OPEN_CRS
START WITH 1
INCREMENT BY 1
NOMAXVALUE
NOCACHE;

-- 8. 개설과정
CREATE TABLE TBL_OPEN_CRS
( OPCRS_NUM     NUMBER
, CRS_CD        VARCHAR2(10)
, PRO_ID        VARCHAR2(20)
, CLS_CD        VARCHAR2(10)
, OPCRS_START   DATE            CONSTRAINT OPCRS_START_NN NOT NULL
, OPCRS_END     DATE            CONSTRAINT OPCRS_END_NN NOT NULL
, OPCRS_DATE    DATE            DEFAULT SYSDATE
, CONSTRAINT OPCRS_NUM_PK PRIMARY KEY(OPCRS_NUM)
, CONSTRAINT OPCRS_DATE_INTERVAL_CK1 CHECK(OPCRS_END > OPCRS_START)
, CONSTRAINT OPCRS_DATE_INTERVAL_CK2 CHECK(OPCRS_DATE <= OPCRS_START)
, CONSTRAINT OPCRS_CRS_CD_FK FOREIGN KEY(CRS_CD)
             REFERENCES TBL_COURSE(CRS_CD)
             ON DELETE CASCADE
, CONSTRAINT OPCRS_PRO_ID_FK FOREIGN KEY(PRO_ID)
             REFERENCES TBL_PROFESSOR(PRO_ID)
             ON DELETE CASCADE
, CONSTRAINT OPCRS_CLS_CD_FK FOREIGN KEY(CLS_CD)
             REFERENCES TBL_CLASS(CLS_CD)
             ON DELETE CASCADE
);
--==>> Table TBL_OPEN_CRS이(가) 생성되었습니다.


-- 개설과목 시퀀스
CREATE SEQUENCE SEQ_OPEN_SUB
START WITH 1 
INCREMENT BY 1
NOMAXVALUE
NOCACHE;

-- 9. 개설과목
CREATE TABLE TBL_OPEN_SUB
( OPSUB_NUM     NUMBER
, SUB_CD        VARCHAR2(10)
, BK_CD         VARCHAR2(10)
, OPCRS_NUM     NUMBER
, OPSUB_START   DATE
, OPSUB_END     DATE
, ATD_RATE      NUMBER(3)       DEFAULT 20
, PRC_RATE      NUMBER(3)       DEFAULT 40
, WRT_RATE      NUMBER(3)       DEFAULT 40
, CONSTRAINT OPSUB_NUM_PK PRIMARY KEY(OPSUB_NUM)
, CONSTRAINT OPSUB_SUB_CD_FK FOREIGN KEY(SUB_CD)
             REFERENCES TBL_SUBJECT(SUB_CD)
             ON DELETE CASCADE
, CONSTRAINT OPSUB_BK_CD_FK FOREIGN KEY(BK_CD)
             REFERENCES TBL_BOOK(BK_CD)
             ON DELETE CASCADE
, CONSTRAINT OPSUB_OPCRS_NUM_FK FOREIGN KEY(OPCRS_NUM)
             REFERENCES TBL_OPEN_CRS(OPCRS_NUM)
             ON DELETE CASCADE
, CONSTRAINT OPSUB_ATD_RATE_CK CHECK(ATD_RATE >= 0 AND ATD_RATE <= 100)
, CONSTRAINT OPSUB_PRC_RATE_CK CHECK(PRC_RATE >= 0 AND PRC_RATE <= 100)
, CONSTRAINT OPSUB_WRT_RATE_CK CHECK(WRT_RATE >= 0 AND WRT_RATE <= 100)
, CONSTRAINT OPSUB_DATE_INTERVAL_CK CHECK(OPSUB_END > OPSUB_START)
, CONSTRAINT OPSUB_TOTAL_RATE_CK CHECK(ATD_RATE + PRC_RATE + WRT_RATE = 100) 
);
--==>> Table TBL_OPEN_SUB이(가) 생성되었습니다.

-- 수강신청 테이블 시퀀스 생성
CREATE SEQUENCE SEQ_CRSE_REGISTER   -- 기본적인 시퀀스 생성 구문
START WITH 1                -- 시작값
INCREMENT BY 1              -- 증가값
NOMAXVALUE                  -- 최대값
NOCACHE;   

-- 10. 수강신청
CREATE TABLE TBL_CRSE_REGISTER
( REGI_NUM      NUMBER
, OPCRS_NUM     NUMBER
, STU_ID        VARCHAR2(20)
, REGI_DATE     DATE            DEFAULT SYSDATE
, CONSTRAINT REGI_NUM_PK PRIMARY KEY(REGI_NUM)
, CONSTRAINT REGI_OPCRS_NUM_FK FOREIGN KEY(OPCRS_NUM)
             REFERENCES TBL_OPEN_CRS(OPCRS_NUM)
             ON DELETE CASCADE
, CONSTRAINT REGI_STU_ID_FK FOREIGN KEY(STU_ID)
             REFERENCES TBL_STUDENT(STU_ID)
             ON DELETE CASCADE
);
--==>> Table TBL_CRSE_REGISTER이(가) 생성되었습니다.

-- 성적 테이블 시퀀스 생성
CREATE SEQUENCE SEQ_SCORE   -- 기본적인 시퀀스 생성 구문
START WITH 1                -- 시작값
INCREMENT BY 1              -- 증가값
NOMAXVALUE                  -- 최대값
NOCACHE;   

-- 11. 성적
CREATE TABLE TBL_SCORE
( SCO_NUM       NUMBER
, REGI_NUM      NUMBER
, OPSUB_NUM     NUMBER
, SCO_ATD       NUMBER(3)
, SCO_PRC       NUMBER(3)
, SCO_WRT       NUMBER(3)
, CONSTRAINT SCO_NUM_PK PRIMARY KEY(SCO_NUM)
, CONSTRAINT SCO_REGI_NUM_FK FOREIGN KEY(REGI_NUM)
             REFERENCES TBL_CRSE_REGISTER(REGI_NUM)
             ON DELETE CASCADE
, CONSTRAINT SCO_OPSUB_NUM_FK FOREIGN KEY(OPSUB_NUM)
             REFERENCES TBL_OPEN_SUB(OPSUB_NUM)
             ON DELETE CASCADE
, CONSTRAINT SCO_ATD_CK CHECK(SCO_ATD >= 0 AND SCO_ATD <= 100)
, CONSTRAINT SCO_PRC_CK CHECK(SCO_PRC >= 0 AND SCO_PRC <= 100)
, CONSTRAINT SCO_WRT_CK CHECK(SCO_WRT >= 0 AND SCO_WRT <= 100)
);
--==>> Table TBL_SCORE이(가) 생성되었습니다.

-- 중도탈락 시퀀스
CREATE SEQUENCE SEQ_DROP
START WITH 1
INCREMENT BY 1
NOMAXVALUE
NOCACHE;

-- 12. 중도탈락
CREATE TABLE TBL_DROP
( DROP_NUM      NUMBER
, REGI_NUM      NUMBER
, DROP_DATE     DATE        CONSTRAINT DROP_DATE_NN NOT NULL
, CONSTRAINT DROP_NUM_PK PRIMARY KEY(DROP_NUM)
, CONSTRAINT DROP_REGI_NUM_FK FOREIGN KEY(REGI_NUM)
             REFERENCES TBL_CRSE_REGISTER(REGI_NUM)
             ON DELETE CASCADE
);
--==>> Table TBL_DROP이(가) 생성되었습니다.

--○ 제약조건 확인 전용 뷰 생성
CREATE VIEW VIEW_CONSTCHECK
AS
SELECT TABLE_NAME, CONSTRAINT_NAME, CONSTRAINT_TYPE, SEARCH_CONDITION
FROM USER_CONSTRAINTS;

--○ 제약조건 설정 확인
SELECT *
FROM VIEW_CONSTCHECK
WHERE TABLE_NAME='TBL_SCORE';




--○ 더미데이터 삽입
-- 과정
INSERT INTO TBL_COURSE(CRS_CD, CRS_NAME) VALUES('CR' || LPAD(SEQ_COURSE.NEXTVAL, 3, 0), '융합JAVA');
INSERT INTO TBL_COURSE(CRS_CD, CRS_NAME) VALUES('CR' || LPAD(SEQ_COURSE.NEXTVAL, 3, 0), '융합ORACLE');
INSERT INTO TBL_COURSE(CRS_CD, CRS_NAME) VALUES('CR' || LPAD(SEQ_COURSE.NEXTVAL, 3, 0), '융합PYTHON');
INSERT INTO TBL_COURSE(CRS_CD, CRS_NAME) VALUES('CR' || LPAD(SEQ_COURSE.NEXTVAL, 3, 0), '융합HTML');
INSERT INTO TBL_COURSE(CRS_CD, CRS_NAME) VALUES('CR' || LPAD(SEQ_COURSE.NEXTVAL, 3, 0), '융합SPRING');

-- 관리자
INSERT INTO TBL_ADMIN VALUES('ADMIN', '1216013', '1216013');

-- 강의실
INSERT INTO TBL_CLASS (CLS_CD, CLS_INFO) VALUES ('CL' || LPAD(SEQ_CLASS.NEXTVAL, 3, 0),'2층 A클래스');
INSERT INTO TBL_CLASS (CLS_CD, CLS_INFO) VALUES ('CL' || LPAD(SEQ_CLASS.NEXTVAL, 3, 0),'2층 B클래스');
INSERT INTO TBL_CLASS (CLS_CD, CLS_INFO) VALUES ('CL' || LPAD(SEQ_CLASS.NEXTVAL, 3, 0),'3층 C클래스');
INSERT INTO TBL_CLASS (CLS_CD, CLS_INFO) VALUES ('CL' || LPAD(SEQ_CLASS.NEXTVAL, 3, 0),'3층 D클래스');
INSERT INTO TBL_CLASS (CLS_CD, CLS_INFO) VALUES ('CL' || LPAD(SEQ_CLASS.NEXTVAL, 3, 0),'4층 F클래스');

--과목 INSERT
INSERT INTO TBL_SUBJECT (SUB_CD, SUB_NAME)
VALUES ('SB1', '자바입문');
INSERT INTO TBL_SUBJECT (SUB_CD, SUB_NAME)
VALUES ('SB2', '자바중급');
INSERT INTO TBL_SUBJECT (SUB_CD, SUB_NAME)
VALUES ('SB3', '자바상급');
INSERT INTO TBL_SUBJECT (SUB_CD, SUB_NAME)
VALUES ('SB4', '오라클입문');
INSERT INTO TBL_SUBJECT (SUB_CD, SUB_NAME)
VALUES ('SB5', '파이썬입문');

--○ 교재 더미데이터 삽입
INSERT INTO TBL_BOOK(BK_CD, BK_TITLE) VALUES ('BK1', '자바의 정석');
INSERT INTO TBL_BOOK(BK_CD, BK_TITLE) VALUES ('BK2', '오라클 SQL과 PL/SQL');
INSERT INTO TBL_BOOK(BK_CD, BK_TITLE) VALUES ('BK3', 'Do it! HTML5+CSS3 웹 표준의 정석');
INSERT INTO TBL_BOOK(BK_CD, BK_TITLE) VALUES ('BK4', '인사이드 자바스크립트');
INSERT INTO TBL_BOOK(BK_CD, BK_TITLE) VALUES ('BK5', '코드로 배우는 스프링 웹 프로젝트');
INSERT INTO TBL_BOOK(BK_CD, BK_TITLE) VALUES ('BK6', '핵심만 쏙쏙 파이썬');

-- 교수
INSERT INTO TBL_PROFESSOR(PRO_ID, PRO_NAME, PRO_PW, PRO_SSN)
VALUES('PR1', '김호진', '1034657', '1034657');
INSERT INTO TBL_PROFESSOR(PRO_ID, PRO_NAME, PRO_PW, PRO_SSN)
VALUES('PR2', '좌민혜', '2034165', '2034165');
INSERT INTO TBL_PROFESSOR(PRO_ID, PRO_NAME, PRO_PW, PRO_SSN)
VALUES('PR3', '이채빈', '2037884', '2037884');
INSERT INTO TBL_PROFESSOR(PRO_ID, PRO_NAME, PRO_PW, PRO_SSN)
VALUES('PR4', '김동휘', '2031445', '2031445');
INSERT INTO TBL_PROFESSOR(PRO_ID, PRO_NAME, PRO_PW, PRO_SSN)
VALUES('PR5', '오진녕', '2045332', '2045332');

-- 학생
INSERT INTO TBL_STUDENT (STU_ID, STU_NAME, STU_PW, STU_SSN) VALUES ('ST1','강수경','21234','21234');
INSERT INTO TBL_STUDENT (STU_ID, STU_NAME, STU_PW, STU_SSN) VALUES ('ST2','김태균','11234','11234');
INSERT INTO TBL_STUDENT (STU_ID, STU_NAME, STU_PW, STU_SSN) VALUES ('ST3','송수진','22345','22345');
INSERT INTO TBL_STUDENT (STU_ID, STU_NAME, STU_PW, STU_SSN) VALUES ('ST4','주한별','23456','23456');
INSERT INTO TBL_STUDENT (STU_ID, STU_NAME, STU_PW, STU_SSN) VALUES ('ST5','정민화','24567','24567');


-- 개설과정
INSERT INTO TBL_OPEN_CRS(OPCRS_NUM, CRS_CD, PRO_ID, CLS_CD, OPCRS_START, OPCRS_END, OPCRS_DATE)
VALUES(LPAD(SEQ_OPEN_CRS.NEXTVAL, 5, 0), 'CO1', 'PR1', 'CL1', TO_DATE('2020-01-13'), TO_DATE('2020-07-28'), TO_DATE('2020-01-01'));
INSERT INTO TBL_OPEN_CRS(OPCRS_NUM, CRS_CD, PRO_ID, CLS_CD, OPCRS_START, OPCRS_END, OPCRS_DATE)
VALUES(LPAD(SEQ_OPEN_CRS.NEXTVAL, 5, 0), 'CO1', 'PR2', 'CL2', TO_DATE('2020-08-01'), TO_DATE('2020-10-31'), TO_DATE('2020-07-01'));
INSERT INTO TBL_OPEN_CRS(OPCRS_NUM, CRS_CD, PRO_ID, CLS_CD, OPCRS_START, OPCRS_END, OPCRS_DATE)
VALUES(LPAD(SEQ_OPEN_CRS.NEXTVAL, 5, 0), 'CO2', 'PR1', 'CL2', TO_DATE('2021-01-01'), TO_DATE('2021-10-31'), TO_DATE('2020-12-01'));
INSERT INTO TBL_OPEN_CRS(OPCRS_NUM, CRS_CD, PRO_ID, CLS_CD, OPCRS_START, OPCRS_END, OPCRS_DATE)
VALUES(LPAD(SEQ_OPEN_CRS.NEXTVAL, 5, 0), 'CO2', 'PR3', 'CL4', TO_DATE('2020-03-01'), TO_DATE('2020-05-31'), TO_DATE('2020-02-01'));
INSERT INTO TBL_OPEN_CRS(OPCRS_NUM, CRS_CD, PRO_ID, CLS_CD, OPCRS_START, OPCRS_END, OPCRS_DATE)
VALUES(LPAD(SEQ_OPEN_CRS.NEXTVAL, 5, 0), 'CO3', 'PR4', 'CL3', TO_DATE('2021-04-01'), TO_DATE('2021-05-31'), TO_DATE('2020-03-01'));

-- 개설과목
INSERT INTO TBL_OPEN_SUB (OPSUB_NUM, SUB_CD, BK_CD, OPCRS_NUM, OPSUB_START, OPSUB_END, ATD_RATE, PRC_RATE, WRT_RATE)
VALUES (1, 'SB1', 'BK1', 00001, TO_DATE('2020-01-13'), TO_DATE('2020-03-31'), 20, 40, 40);
INSERT INTO TBL_OPEN_SUB (OPSUB_NUM, SUB_CD, BK_CD, OPCRS_NUM, OPSUB_START, OPSUB_END, ATD_RATE, PRC_RATE, WRT_RATE)
VALUES (2, 'SB2', 'BK4', 00002, TO_DATE('2020-08-01'), TO_DATE('2020-09-30'), 10, 50, 40);
INSERT INTO TBL_OPEN_SUB (OPSUB_NUM, SUB_CD, BK_CD, OPCRS_NUM, OPSUB_START, OPSUB_END, ATD_RATE, PRC_RATE, WRT_RATE)
VALUES (3, 'SB3', 'BK5', 00003, TO_DATE('2021-03-01'), TO_DATE('2021-5-31'), 30, 30, 40);
INSERT INTO TBL_OPEN_SUB (OPSUB_NUM, SUB_CD, BK_CD, OPCRS_NUM, OPSUB_START, OPSUB_END, ATD_RATE, PRC_RATE, WRT_RATE)
VALUES (4, 'SB4', 'BK2', 00004, TO_DATE('2020-03-01'), TO_DATE('2020-04-30'), 30, 20, 50);
INSERT INTO TBL_OPEN_SUB (OPSUB_NUM, SUB_CD, BK_CD, OPCRS_NUM, OPSUB_START, OPSUB_END, ATD_RATE, PRC_RATE, WRT_RATE)
VALUES (5, 'SB5', 'BK6', 00005, TO_DATE('2021-05-01'), TO_DATE('2021-05-31'), 30, 50, 20);

COMMIT;

--○ 수강신청 더미데이터 삽입
INSERT INTO TBL_CRSE_REGISTER(REGI_NUM, OPCRS_NUM, STU_ID, REGI_DATE) VALUES(1, 1, 'ST1', TO_DATE('2020-01-26'));
INSERT INTO TBL_CRSE_REGISTER(REGI_NUM, OPCRS_NUM, STU_ID, REGI_DATE) VALUES(2, 5, 'ST3', TO_DATE('2020-02-10'));
INSERT INTO TBL_CRSE_REGISTER(REGI_NUM, OPCRS_NUM, STU_ID, REGI_DATE) VALUES(3, 2, 'ST4', TO_DATE('2020-03-27'));
INSERT INTO TBL_CRSE_REGISTER(REGI_NUM, OPCRS_NUM, STU_ID, REGI_DATE) VALUES(4, 4, 'ST2', TO_DATE('2020-04-06'));
INSERT INTO TBL_CRSE_REGISTER(REGI_NUM, OPCRS_NUM, STU_ID) VALUES(5, 3, 'ST5');


-- 성적
INSERT INTO TBL_SCORE (SCO_NUM, REGI_NUM, OPSUB_NUM, SCO_ATD, SCO_PRC, SCO_WRT)
VALUES (1, 1, 1, 10,20,30);
INSERT INTO TBL_SCORE (SCO_NUM, REGI_NUM, OPSUB_NUM, SCO_ATD, SCO_PRC, SCO_WRT)
VALUES (2, 2, 2, 10,20,10);
INSERT INTO TBL_SCORE (SCO_NUM, REGI_NUM, OPSUB_NUM, SCO_ATD, SCO_PRC, SCO_WRT)
VALUES (3, 3, 3, 10,10,10);
INSERT INTO TBL_SCORE (SCO_NUM, REGI_NUM, OPSUB_NUM, SCO_ATD, SCO_PRC, SCO_WRT)
VALUES (4, 4, 4, 10,10,20);
INSERT INTO TBL_SCORE (SCO_NUM, REGI_NUM, OPSUB_NUM, SCO_ATD, SCO_PRC, SCO_WRT)
VALUES (5, 5, 5, 10,20,20);


COMMIT;

-- 중도탈락
INSERT INTO TBL_DROP (DROP_NUM, REGI_NUM, DROP_DATE) 
VALUES(SEQ_DROP.NEXTVAL, 1, SYSDATE);
INSERT INTO TBL_DROP (DROP_NUM, REGI_NUM, DROP_DATE) 
VALUES(SEQ_DROP.NEXTVAL, 2, TO_DATE('1111-01-01'));




















SSOR(PRO_ID, PRO_NAME, PRO_PW, PRO_SSN
5